name,year,score,genre,link,chat
Призрак в доспехах (2026),2026,0,"приключения,фантастика",http://www.world-art.ru/animation/animation.php?id=12114,5
Поднятие уровня в одиночку [ТВ-2],2025,0,"приключения,фэнтези",http://www.world-art.ru/animation/animation.php?id=12079,8
"Король демонов, попытайтесь снова! [ТВ-2]",2024,0,"приключения,фэнтези",http://www.world-art.ru/animation/animation.php?id=12049,5
Nihon e Youkoso Elf-san.,2025,0,"комедия,повседневность",http://www.world-art.ru/animation/animation.php?id=12046,5
Мой счастливый брак OVA,2024,7.1,"романтика,фэнтези",http://www.world-art.ru/animation/animation.php?id=12056,0
Ubel Blatt,2025,0,"приключения,фэнтези",http://www.world-art.ru/animation/animation.php?id=12023,7
Elf-san wa Yaserarenai.,2024,0,"комедия,повседневность",http://www.world-art.ru/animation/animation.php?id=11985,12
Monogatari Series: Off & Monster Season,2024,0,приключения,http://www.world-art.ru/animation/animation.php?id=11990,5
Восхождение Героя щита [ТВ-4],2025,0,"приключения,фэнтези",http://www.world-art.ru/animation/animation.php?id=11993,5
Борьба в прямом эфире,2024,0,приключения,http://www.world-art.ru/animation/animation.php?id=12008,10
Дандадан,2024,0,комедия,http://www.world-art.ru/animation/animation.php?id=11934,5
Записи Астро,2024,0,"комедия,романтика",http://www.world-art.ru/animation/animation.php?id=11941,18
Самураи эпохи Мэйдзи: 1874,2024,6.3,приключения,http://www.world-art.ru/animation/animation.php?id=11947,10
"Студия, солнечная сторона, есть ангел",2024,6.1,"комедия,повседневность",http://www.world-art.ru/animation/animation.php?id=11902,13
Сильнейший танк покоряет подземелья,2024,5.6,"приключения,фэнтези",http://www.world-art.ru/animation/animation.php?id=11905,19
Беззаботная жизнь в ином мире,2024,0,"комедия,романтика,фэнтези",http://www.world-art.ru/animation/animation.php?id=11912,15
Закусочная Басуэ,2024,5.7,комедия,http://www.world-art.ru/animation/animation.php?id=11909,7
Ворон не выбирает господина,2024,0,"приключения,фэнтези",http://www.world-art.ru/animation/animation.php?id=11914,53
Общежитие вампиров,2024,0,"комедия,романтика",http://www.world-art.ru/animation/animation.php?id=11915,14
Новые врата,2024,0,"приключения,фэнтези",http://www.world-art.ru/animation/animation.php?id=11921,19
Танец мечей: Пылающий Хоннодзи,2024,7.0,"приключения,фэнтези",http://www.world-art.ru/animation/animation.php?id=11983,1
У моей жены нет эмоций,2024,0,"комедия,романтика,повседневность",http://www.world-art.ru/animation/animation.php?id=12036,4
